Workbook

Sheet Student_Data
A1: Student_ID | B1: Name | C1: Gender | D1: Age | E1: City | F1: Math | G1: Science | H1: English | I1: Hindi | J1: Computer | K1: Total | L1: Percentage | M1: Grade | N1: Attendance_% | O1: Study_Hours_Per_Day | P1: Parent_Education | Q1: Internet_Access | R1: Extra_Coaching | S1: Pass_Fail
A2: S1001 | B2: Preeti | C2: Female | D2: 16 | E2: Allahabad | F2: 82 | G2: 75 | H2: 96 | I2: 74 | J2: 78 | K2: =SUM(F2:J2) -> 405 | L2: =K2/500*100 -> 81 | M2: =IF(L2>=90,"A+",IF(L2>=80,"A",IF(L2>=70,"B",IF(L2>=60,"C",IF(L2>=40,"D","F"))))) -> A | N2: 99 | O2: 6 | P2: Graduate | Q2: Yes | R2: No | S2: =IF(L2>=33,"Pass","Fail") -> Pass
A3: S1002 | B3: Varun | C3: Male | D3: 17 | E3: Meerut | F3: 82 | G3: 93 | H3: 100 | I3: 87 | J3: 86 | K3: =SUM(F3:J3) -> 448 | L3: =K3/500*100 -> 89.6 | M3: =IF(L3>=90,"A+",IF(L3>=80,"A",IF(L3>=70,"B",IF(L3>=60,"C",IF(L3>=40,"D","F"))))) -> A | N3: 84 | O3: 6.2 | P3: Graduate | Q3: Yes | R3: Yes | S3: =IF(L3>=33,"Pass","Fail") -> Pass
A4: S1003 | B4: Sanjay | C4: Male | D4: 18 | E4: Varanasi | F4: 65 | G4: 79 | H4: 82 | I4: 76 | J4: 100 | K4: =SUM(F4:J4) -> 402 | L4: =K4/500*100 -> 80.4 | M4: =IF(L4>=90,"A+",IF(L4>=80,"A",IF(L4>=70,"B",IF(L4>=60,"C",IF(L4>=40,"D","F"))))) -> A | N4: 70 | O4: 4.7 | P4: Secondary | Q4: Yes | R4: Yes | S4: =IF(L4>=33,"Pass","Fail") -> Pass
A5: S1004 | B5: Tarun | C5: Male | D5: 17 | E5: Noida | F5: 74 | G5: 73 | H5: 82 | I5: 100 | J5: 100 | K5: =SUM(F5:J5) -> 429 | L5: =K5/500*100 -> 85.8 | M5: =IF(L5>=90,"A+",IF(L5>=80,"A",IF(L5>=70,"B",IF(L5>=60,"C",IF(L5>=40,"D","F"))))) -> A | N5: 80 | O5: 5.9 | P5: Post-Graduate | Q5: Yes | R5: Yes | S5: =IF(L5>=33,"Pass","Fail") -> Pass
A6: S1005 | B6: Sachin | C6: Male | D6: 18 | E6: Varanasi | F6: 64 | G6: 65 | H6: 73 | I6: 87 | J6: 86 | K6: =SUM(F6:J6) -> 375 | L6: =K6/500*100 -> 75 | M6: =IF(L6>=90,"A+",IF(L6>=80,"A",IF(L6>=70,"B",IF(L6>=60,"C",IF(L6>=40,"D","F"))))) -> B | N6: 89 | O6: 6.3 | P6: Secondary | Q6: No | R6: No | S6: =IF(L6>=33,"Pass","Fail") -> Pass
A7: S1006 | B7: Preeti | C7: Female | D7: 18 | E7: Mathura | F7: 43 | G7: 70 | H7: 52 | I7: 76 | J7: 57 | K7: =SUM(F7:J7) -> 298 | L7: =K7/500*100 -> 59.6 | M7: =IF(L7>=90,"A+",IF(L7>=80,"A",IF(L7>=70,"B",IF(L7>=60,"C",IF(L7>=40,"D","F"))))) -> D | N7: 68 | O7: 3.2 | P7: Post-Graduate | Q7: No | R7: No | S7: =IF(L7>=33,"Pass","Fail") -> Pass
A8: S1007 | B8: Neha | C8: Female | D8: 17 | E8: Allahabad | F8: 69 | G8: 84 | H8: 92 | I8: 60 | J8: 86 | K8: =SUM(F8:J8) -> 391 | L8: =K8/500*100 -> 78.2 | M8: =IF(L8>=90,"A+",IF(L8>=80,"A",IF(L8>=70,"B",IF(L8>=60,"C",IF(L8>=40,"D","F"))))) -> B | N8: 89 | O8: 3.3 | P8: Graduate | Q8: Yes | R8: No | S8: =IF(L8>=33,"Pass","Fail") -> Pass
A9: S1008 | B9: Piyush | C9: Male | D9: 16 | E9: Aligarh | F9: 62 | G9: 53 | H9: 88 | I9: 79 | J9: 89 | K9: =SUM(F9:J9) -> 371 | L9: =K9/500*100 -> 74.2 | M9: =IF(L9>=90,"A+",IF(L9>=80,"A",IF(L9>=70,"B",IF(L9>=60,"C",IF(L9>=40,"D","F"))))) -> B | N9: 87 | O9: 1.7 | P9: Secondary | Q9: Yes | R9: No | S9: =IF(L9>=33,"Pass","Fail") -> Pass
A10: S1009 | B10: Jyoti | C10: Female | D10: 18 | E10: Aligarh | F10: 70 | G10: 82 | H10: 100 | I10: 79 | J10: 96 | K10: =SUM(F10:J10) -> 427 | L10: =K10/500*100 -> 85.4 | M10: =IF(L10>=90,"A+",IF(L10>=80,"A",IF(L10>=70,"B",IF(L10>=60,"C",IF(L10>=40,"D","F"))))) -> A | N10: 79 | O10: 6.2 | P10: Secondary | Q10: Yes | R10: Yes | S10: =IF(L10>=33,"Pass","Fail") -> Pass
A11: S1010 | B11: Lokesh | C11: Male | D11: 16 | E11: Mathura | F11: 51 | G11: 50 | H11: 61 | I11: 80 | J11: 75 | K11: =SUM(F11:J11) -> 317 | L11: =K11/500*100 -> 63.4 | M11: =IF(L11>=90,"A+",IF(L11>=80,"A",IF(L11>=70,"B",IF(L11>=60,"C",IF(L11>=40,"D","F"))))) -> C | N11: 83 | O11: 1.1 | P11: Graduate | Q11: Yes | R11: No | S11: =IF(L11>=33,"Pass","Fail") -> Pass
A12: S1011 | B12: Anjali | C12: Female | D12: 16 | E12: Bareilly | F12: 65 | G12: 78 | H12: 94 | I12: 84 | J12: 83 | K12: =SUM(F12:J12) -> 404 | L12: =K12/500*100 -> 80.8 | M12: =IF(L12>=90,"A+",IF(L12>=80,"A",IF(L12>=70,"B",IF(L12>=60,"C",IF(L12>=40,"D","F"))))) -> A | N12: 90 | O12: 1.8 | P12: Secondary | Q12: Yes | R12: Yes | S12: =IF(L12>=33,"Pass","Fail") -> Pass
A13: S1012 | B13: Deepak | C13: Male | D13: 17 | E13: Meerut | F13: 52 | G13: 61 | H13: 66 | I13: 59 | J13: 72 | K13: =SUM(F13:J13) -> 310 | L13: =K13/500*100 -> 62 | M13: =IF(L13>=90,"A+",IF(L13>=80,"A",IF(L13>=70,"B",IF(L13>=60,"C",IF(L13>=40,"D","F"))))) -> C | N13: 93 | O13: 3.6 | P13: Post-Graduate | Q13: No | R13: No | S13: =IF(L13>=33,"Pass","Fail") -> Pass
... A51: S1050 | B51: Radha | C51: Female | D51: 19 | E51: Meerut | F51: 78 | G51: 64 | H51: 65 | I51: 76 | J51: 63 | K51: =SUM(F51:J51) -> 346 | L51: =K51/500*100 -> 69.2 | M51: =IF(L51>=90,"A+",IF(L51>=80,"A",IF(L51>=70,"B",IF(L51>=60,"C",IF(L51>=40,"D","F"))))) -> C | N51: 94 | O51: 1.1 | P51: Primary | Q51: Yes | R51: No | S51: =IF(L51>=33,"Pass","Fail") -> Pass

Sheet Summary
A1: Student Performance Summary
A3: Metric | B3: Value
A4: Total Students | B4: =COUNTA(Student_Data!A2:A51) -> 50
A5: Pass Count | B5: =COUNTIF(Student_Data!S2:S51,"Pass") -> 50
A6: Fail Count | B6: =COUNTIF(Student_Data!S2:S51,"Fail") -> 0
A7: Pass Rate (%) | B7: =B5/B4*100 -> 100
A8: Avg Percentage | B8: =AVERAGE(Student_Data!L2:L51) -> 77.716
A9: Highest Score | B9: =MAX(Student_Data!L2:L51) -> 90.8
A10: Lowest Score | B10: =MIN(Student_Data!L2:L51) -> 59.6
A11: A+ Grade Count | B11: =COUNTIF(Student_Data!M2:M51,"A+") -> 1
A12: Avg Study Hours | B12: =AVERAGE(Student_Data!O2:O51) -> 4.022
A13: Avg Attendance % | B13: =AVERAGE(Student_Data!N2:N51) -> 84.22
